{"Loss/Test": 6.7502268991380365, "Acc/Test": 47.59728780613755, "_timestamp": 1721828786.334377, "_runtime": 40.55108094215393, "_step": 1, "Loss/Test_2": 5.500125719024472, "Acc/Test_2": 56.67546959200376, "_wandb": {"runtime": 39}}