{"Loss/Test": 1.470146192132302, "Acc/Test": 77.16194970427819, "_timestamp": 1721828482.48117, "_runtime": 42.88989496231079, "_step": 1, "Loss/Test_2": 2.603890024440389, "Acc/Test_2": 61.89602907274811, "_wandb": {"runtime": 42}}