{"Loss/Test": 7.460583596859339, "Acc/Test": 47.882272155498555, "_timestamp": 1721736393.9312918, "_runtime": 39.67543578147888, "_step": 1, "Loss/Test_2": 5.866601974506613, "Acc/Test_2": 57.28066308607518, "_wandb": {"runtime": 39}}