{"Loss/Test": 7.694106115485138, "Acc/Test": 47.66116334863429, "_timestamp": 1721828864.330219, "_runtime": 39.950891971588135, "_step": 1, "Loss/Test_2": 5.951581283249486, "Acc/Test_2": 57.236648949099255, "_wandb": {"runtime": 39}}