{"Loss/Test": 4.222844734506787, "Acc/Test": 51.93592778776052, "_timestamp": 1721828700.181089, "_runtime": 39.76363182067871, "_step": 1, "Loss/Test_2": 4.1862557750772424, "Acc/Test_2": 57.14862079057895, "_wandb": {"runtime": 39}}